Slavi,Peev,Male,28,Sofia,Reduta-23A,Slavi-Peev@abv.bg,Slavi_Peev,slavi123,	
Konstantin,Dimitrov,Male,44,Pleven,Sitnqkovo 23A,KocetoDim@gmail.com,Koko_78,koko7878,	
Lora,Hristova,Female,28,Sofia,Poligona 43,Loretahi@abv.bg,Loreta,lora1234,	
Deyan,Kazashki,Male,32,Sofia,Mladost3,DeyanKazashki@abv.bg,Dido,1234,	
Martin,Valchev,Male,19,Pleven,Panorama16,MartinValchev@mail.com,Martin,5678,	
"Dido,Bandido,Male,32,Sofia,Mladost1,bandido@abv.bg,bandido,""qwerty	"","	
"Nikolay,Kamenov,Male,27,Veliko Turnovo,Mladost2,kamenov@gmail.ocm,,cdee46,""	"""	
Marusya, Gupta,Female,29,Sofia,Krasno selo,guptaMupta@yahoo.com,,hjt56,	
Eva,Petkova,Female,40,Veliko Turnovo,Ivan Vazov-43,eva82@gmail.com,Eva,asdc,	
Pesho,Ivanov,Male,32,Veliko Turnovo,Malinova dolina,eva82@gmail.com,Eva,asdc,	
Eva,Petkova,Male,60,Veliko Turnovo,Simeonovo,eva82@gmail.com,Eva,asdc,	